[{"id":"4fc65913.9606d8","type":"subflow","name":"Timer 1","info":"","category":"","in":[],"out":[{"x":1360,"y":420,"wires":[{"id":"6e7e502e.ed6c4","port":0}]}],"env":[{"name":"TimerNumber","type":"num","value":"1"},{"name":"PayloadON","type":"str","value":"ON"},{"name":"PayloadOFF","type":"str","value":"OFF"}],"color":"#DDAA99"},{"id":"6e7e502e.ed6c4","type":"schedex","z":"4fc65913.9606d8","name":"Timer","suspended":false,"lat":"54.525671","lon":"-1.3113165","ontime":"","ontopic":"","onpayload":"","onoffset":"","onrandomoffset":0,"offtime":"","offtopic":"","offpayload":"","offoffset":"","offrandomoffset":0,"mon":false,"tue":false,"wed":false,"thu":false,"fri":false,"sat":false,"sun":false,"x":1270,"y":440,"wires":[[]]},{"id":"5b525cbe.9f80f4","type":"ui_text_input","z":"4fc65913.9606d8","name":"T2 On","label":"","tooltip":"","group":"f486e698.e8ddc8","order":2,"width":"4","height":"1","passthru":false,"mode":"time","delay":"0","topic":"Ton","x":570,"y":220,"wires":[["c3c63fbf.cf425"]]},{"id":"64aa3286.e749bc","type":"ui_button","z":"4fc65913.9606d8","name":"Set ON","group":"f486e698.e8ddc8","order":3,"width":"2","height":"1","passthru":false,"label":"{{msg.topic}}","tooltip":"","color":"","bgcolor":"{{msg.color}}","icon":"","payload":"","payloadType":"str","topic":"buttonON","x":960,"y":160,"wires":[["6b35c267.9435dc"]]},{"id":"84f104fd.e0b538","type":"ui_text_input","z":"4fc65913.9606d8","name":"T2 Off","label":"","tooltip":"","group":"f486e698.e8ddc8","order":4,"width":"4","height":"1","passthru":false,"mode":"time","delay":"0","topic":"Toff","x":570,"y":260,"wires":[["c3c63fbf.cf425"]]},{"id":"6664178f.2c7718","type":"ui_button","z":"4fc65913.9606d8","name":"Set OFF","group":"f486e698.e8ddc8","order":5,"width":"2","height":"1","passthru":false,"label":"{{msg.topic}}","tooltip":"","color":"","bgcolor":"{{msg.color}}","icon":"","payload":"","payloadType":"str","topic":"buttonOFF","x":960,"y":300,"wires":[["6b35c267.9435dc"]]},{"id":"adfae55.cd94018","type":"ui_text","z":"4fc65913.9606d8","group":"f486e698.e8ddc8","order":1,"width":"6","height":"1","name":"Timer Status","label":"{{msg.topic}}","format":"<font color= {{msg.color}} > {{msg.payload}} </font>","layout":"row-spread","x":1630,"y":240,"wires":[]},{"id":"b096ddea.f2944","type":"ui_button","z":"4fc65913.9606d8","name":"Reset Button","group":"f486e698.e8ddc8","order":6,"width":"6","height":"1","passthru":false,"label":"Reset","tooltip":"","color":"","bgcolor":"","icon":"","payload":"","payloadType":"str","topic":"","x":130,"y":460,"wires":[["57ca5df7.0131b4"]]},{"id":"c3c63fbf.cf425","type":"function","z":"4fc65913.9606d8","name":"Set T2 On","func":"var z = env.get(\"TimerNumber\"); \n\n//if timer on is set\nif(msg.topic === \"Ton\"){\n    flow.set(\"$parent.timer\"+z+\"_on\", msg.payload);\n    msg.color = \"red\";\n    msg.topic = \"Press\";\n    return [msg, null];\n    \n    \n}\n\n//if timer off is set\nif(msg.topic === \"Toff\"){\n    flow.set(\"$parent.timer\"+z+\"_off\", msg.payload);\n    msg.color = \"red\";\n    msg.topic = \"Press\";\n    return [null, msg];\n    \n}\n\n// reboot detected\nif(msg.topic === \"reboot\"){\n    msg.color = \"grey\";\n    msg.topic = \"Select Time\";\n    return [msg, msg];\n    \n}","outputs":2,"noerr":0,"x":740,"y":240,"wires":[["64aa3286.e749bc"],["6664178f.2c7718"]]},{"id":"57ca5df7.0131b4","type":"function","z":"4fc65913.9606d8","name":"Reset","func":"var z = env.get(\"TimerNumber\");\n\nvar timerlabel = \"Timer \"+ z;\nflow.set(\"$parent.timer\"+z+\"_on\", 0);\nflow.set(\"$parent.timer\"+z+\"_off\", 0);\nflow.set(\"$parent.T\"+z+\"on\", null);\nflow.set(\"$parent.T\"+z+\"off\", null);\n\nvar msg1 = {payload: \"Timer \"+z+\" reset\"};\nvar msg2 = {payload: 0};\nvar msg3 = {payload: \"disabled\",\n            topic: timerlabel,\n            color: \"red\"};\nvar msg4 = {color: \"grey\",\n            topic: \"Select Time\",\n};\n\nvar msg5 = {payload:{suspended: true}};\nvar msg6 = {payload: true};\n\nreturn [msg1, msg2, msg3, msg4, msg5, msg6];","outputs":6,"noerr":0,"x":310,"y":460,"wires":[["3c0f63bf.21963c"],["84f104fd.e0b538","5b525cbe.9f80f4"],["adfae55.cd94018"],["64aa3286.e749bc","6664178f.2c7718"],["6e7e502e.ed6c4"],["384796c5.affc2a","c532afea.9faa7","abcb36b5.11b778","c736b3bb.09bcc","c6dfb9d1.161128","b6392db1.6e09e","b0a0e783.366868"]]},{"id":"384796c5.affc2a","type":"ui_switch","z":"4fc65913.9606d8","name":"","label":"Mon","tooltip":"","group":"f486e698.e8ddc8","order":7,"width":"2","height":"1","passthru":true,"decouple":"false","topic":"","style":"","onvalue":"true","onvalueType":"bool","onicon":"","oncolor":"","offvalue":"false","offvalueType":"bool","officon":"","offcolor":"","x":570,"y":500,"wires":[["6d1dd8de.56d3e8"]]},{"id":"c532afea.9faa7","type":"ui_switch","z":"4fc65913.9606d8","name":"","label":"Tue","tooltip":"","group":"f486e698.e8ddc8","order":8,"width":"2","height":"1","passthru":true,"decouple":"false","topic":"tue","style":"","onvalue":"true","onvalueType":"bool","onicon":"","oncolor":"","offvalue":"false","offvalueType":"bool","officon":"","offcolor":"","x":570,"y":540,"wires":[["59b018d.9684ce8"]]},{"id":"abcb36b5.11b778","type":"ui_switch","z":"4fc65913.9606d8","name":"","label":"Wed","tooltip":"","group":"f486e698.e8ddc8","order":9,"width":"2","height":"1","passthru":true,"decouple":"false","topic":"","style":"","onvalue":"true","onvalueType":"bool","onicon":"","oncolor":"","offvalue":"false","offvalueType":"bool","officon":"","offcolor":"","x":570,"y":580,"wires":[["81a13e37.3ed55"]]},{"id":"c736b3bb.09bcc","type":"ui_switch","z":"4fc65913.9606d8","name":"","label":"Thu","tooltip":"","group":"f486e698.e8ddc8","order":10,"width":"2","height":"1","passthru":true,"decouple":"false","topic":"","style":"","onvalue":"true","onvalueType":"bool","onicon":"","oncolor":"","offvalue":"false","offvalueType":"bool","officon":"","offcolor":"","x":570,"y":620,"wires":[["b6348f9b.28707"]]},{"id":"c6dfb9d1.161128","type":"ui_switch","z":"4fc65913.9606d8","name":"","label":"Fri","tooltip":"","group":"f486e698.e8ddc8","order":11,"width":"2","height":"1","passthru":true,"decouple":"false","topic":"","style":"","onvalue":"true","onvalueType":"bool","onicon":"","oncolor":"","offvalue":"false","offvalueType":"bool","officon":"","offcolor":"","x":570,"y":660,"wires":[["ca5798e2.8de7c8"]]},{"id":"b6392db1.6e09e","type":"ui_switch","z":"4fc65913.9606d8","name":"","label":"Sat","tooltip":"","group":"f486e698.e8ddc8","order":12,"width":"2","height":"1","passthru":true,"decouple":"false","topic":"","style":"","onvalue":"true","onvalueType":"bool","onicon":"","oncolor":"","offvalue":"false","offvalueType":"bool","officon":"","offcolor":"","x":570,"y":700,"wires":[["1261f1fe.12068e"]]},{"id":"b0a0e783.366868","type":"ui_switch","z":"4fc65913.9606d8","name":"","label":"Sun","tooltip":"","group":"f486e698.e8ddc8","order":13,"width":"2","height":"1","passthru":true,"decouple":"false","topic":"","style":"","onvalue":"true","onvalueType":"bool","onicon":"","oncolor":"","offvalue":"false","offvalueType":"bool","officon":"","offcolor":"","x":570,"y":740,"wires":[["a20463d1.0e64f"]]},{"id":"6d1dd8de.56d3e8","type":"function","z":"4fc65913.9606d8","name":"Mon","func":"var z = env.get(\"TimerNumber\");\n\nvar x = msg.payload;\nflow.set(\"$parent.Monday\"+z, x);\nmsg.payload = {mon: x};\n\nreturn msg;","outputs":1,"noerr":0,"x":730,"y":500,"wires":[["6e7e502e.ed6c4"]]},{"id":"59b018d.9684ce8","type":"function","z":"4fc65913.9606d8","name":"Tue","func":"var z = env.get(\"TimerNumber\");\n\nvar x = msg.payload;\nflow.set(\"$parent.Tuesday\"+z, x);\nmsg.payload = {tue: x};\n\nreturn msg;","outputs":1,"noerr":0,"x":730,"y":540,"wires":[["6e7e502e.ed6c4"]]},{"id":"81a13e37.3ed55","type":"function","z":"4fc65913.9606d8","name":"Wed","func":"var z = env.get(\"TimerNumber\");\n\nvar x = msg.payload;\nflow.set(\"$parent.Wednesday\"+z, x);\nmsg.payload = {wed: x};\n\nreturn msg;","outputs":1,"noerr":0,"x":730,"y":580,"wires":[["6e7e502e.ed6c4"]]},{"id":"b6348f9b.28707","type":"function","z":"4fc65913.9606d8","name":"Thu","func":"var z = env.get(\"TimerNumber\");\n\nvar x = msg.payload;\nflow.set(\"$parent.Thursday\"+z, x);\nmsg.payload = {thu: x};\n\nreturn msg;","outputs":1,"noerr":0,"x":730,"y":620,"wires":[["6e7e502e.ed6c4"]]},{"id":"ca5798e2.8de7c8","type":"function","z":"4fc65913.9606d8","name":"Fri","func":"var z = env.get(\"TimerNumber\");\n\nvar x = msg.payload;\nflow.set(\"$parent.Friday\"+z, x);\nmsg.payload = {fri: x};\n\nreturn msg;","outputs":1,"noerr":0,"x":730,"y":660,"wires":[["6e7e502e.ed6c4"]]},{"id":"1261f1fe.12068e","type":"function","z":"4fc65913.9606d8","name":"Sat","func":"var z = env.get(\"TimerNumber\");\n\nvar x = msg.payload;\nflow.set(\"$parent.Saturday\"+z, x);\nmsg.payload = {sat: x};\n\nreturn msg;","outputs":1,"noerr":0,"x":730,"y":700,"wires":[["6e7e502e.ed6c4"]]},{"id":"a20463d1.0e64f","type":"function","z":"4fc65913.9606d8","name":"Sun","func":"var z = env.get(\"TimerNumber\");\n\nvar x = msg.payload;\nflow.set(\"$parent.Sunday\"+z, x);\nmsg.payload = {sun: x};\n\nreturn msg;","outputs":1,"noerr":0,"x":730,"y":740,"wires":[["6e7e502e.ed6c4"]]},{"id":"4bd2333b.117a3c","type":"inject","z":"4fc65913.9606d8","name":"","topic":"","payload":"Started!","payloadType":"str","repeat":"","crontab":"","once":false,"onceDelay":0.1,"x":830,"y":380,"wires":[["ca0b57e6.86be48"]]},{"id":"ca0b57e6.86be48","type":"function","z":"4fc65913.9606d8","name":"Apply stored values ","func":"var z = env.get(\"TimerNumber\"); \nvar pon = env.get(\"PayloadON\");\nvar poff = env.get(\"PayloadOFF\");\n\n\n// restore days\nvar mon = flow.get(\"$parent.Monday\"+z);\nvar tue = flow.get(\"$parent.Tuesday\"+z);\nvar wed = flow.get(\"$parent.Wednesday\"+z);\nvar thu = flow.get(\"$parent.Thursday\"+z);\nvar fri = flow.get(\"$parent.Friday\"+z);\nvar sat = flow.get(\"$parent.Saturday\"+z);\nvar sun = flow.get(\"$parent.Sunday\"+z);\n\n//restore timers\nvar timeON = flow.get(\"$parent.T\"+z+\"on\");\nvar timeOFF = flow.get(\"$parent.T\"+z+\"off\");\nvar timerlabel = \"Timer \"+ z;\n\n\n\nvar msg1 = {payload: {ontime: \"ontime \" + timeON}, onpayload: pon,};\nvar msg2 = {payload: {offtime: \"offtime \" + timeOFF}, offpayload: poff,};\nvar msg3 = {topic: timerlabel};\nvar msg4 = {payload : { \"mon\": mon,\n                \"tue\": tue,\n                \"wed\": wed,\n                \"thu\": thu,\n                \"fri\": fri,\n                \"sat\": sat,\n                \"sun\": sun,}\n};\n                     \n    \nreturn [msg1, msg2, msg3];","outputs":4,"noerr":0,"x":1050,"y":380,"wires":[["6e7e502e.ed6c4"],["6e7e502e.ed6c4"],["adfae55.cd94018"],["6e7e502e.ed6c4"]]},{"id":"2bee6827.abf878","type":"comment","z":"4fc65913.9606d8","name":"Reboot Fix","info":"","x":820,"y":340,"wires":[]},{"id":"316edc1d.c0c064","type":"inject","z":"4fc65913.9606d8","name":"","topic":"reboot","payload":"Started!","payloadType":"str","repeat":"","crontab":"","once":false,"onceDelay":0.1,"x":560,"y":160,"wires":[["c3c63fbf.cf425"]]},{"id":"18749d17.e60cb3","type":"comment","z":"4fc65913.9606d8","name":"Set Button","info":"","x":540,"y":120,"wires":[]},{"id":"3c0f63bf.21963c","type":"ui_toast","z":"4fc65913.9606d8","position":"top right","displayTime":"3","highlight":"","sendall":true,"outputs":0,"ok":"OK","cancel":"","topic":"Timer 1","name":"","x":270,"y":340,"wires":[]},{"id":"6b35c267.9435dc","type":"function","z":"4fc65913.9606d8","name":"On button press","func":"var z = env.get(\"TimerNumber\");\nvar pon = env.get(\"PayloadON\");\nvar poff = env.get(\"PayloadOFF\");\n\nfunction calcTime(hh){\n    var hours = (\"0\"+Math.floor((hh%86400)/3600)).slice(-2);\n    var minutes = (\"0\"+Math.floor((hh%3600)/60)).slice(-2);\n    return hours + \":\" + minutes;\n}\n\nvar time = null;\nvar timerlabel = \"Timer \"+ z;\n\n\n// when button on is pressed\nif(msg.topic === \"buttonON\"){\n    var t1  = flow.get(\"$parent.timer\"+z+\"_on\")/1000;\n    time = calcTime(t1);\n    flow.set(\"$parent.T\"+z+\"on\", time);\n    //send to text element\n    var msg1 = {payload: \"SET\", topic: timerlabel, color: \"green\"};\n    //send to schedex\n    var msg2 = {payload: {ontime: \"ontime \" + time,\n                          onpayload: pon,\n                          suspended: false},\n                topic: \"SET\",\n                color:   \"green\"};\n    return [msg1,msg2,null,null];\n}\n// when button off is pressed\nif(msg.topic === \"buttonOFF\"){\n    var t2 = flow.get(\"$parent.timer\"+z+\"_off\")/1000;\n    time = calcTime(t2);\n    flow.set(\"$parent.T\"+z+\"off\", time);\n    //send to text element\n    var msg3 = {payload: \"SET\", topic: timerlabel, color: \"green\"};\n    //send to schedex\n    var msg4 = {payload: {offtime: \"offtime \" + time,\n                          offpayload: poff,\n                          suspended: false},\n                topic: \"SET\",\n                color:   \"green\"};\n    return [null,null,msg3,msg4];\n    \n}\n\nreturn msg;","outputs":4,"noerr":0,"x":1160,"y":240,"wires":[["adfae55.cd94018"],["6e7e502e.ed6c4","64aa3286.e749bc"],["adfae55.cd94018"],["6e7e502e.ed6c4","6664178f.2c7718"]]},{"id":"f486e698.e8ddc8","type":"ui_group","z":"","name":"Timer 1","tab":"11d77118.159b2f","order":2,"disp":true,"width":"6","collapse":false},{"id":"11d77118.159b2f","type":"ui_tab","z":"","name":"Timer in NodeRED","icon":"dashboard","disabled":false,"hidden":false},{"id":"1ad0789f.d63ea7","type":"tab","label":"Timer in NodeRED","disabled":false,"info":"If you run a home automation server, a dashboard based timer is almost essential if you want to created schedules! This timer can be easily multiplied and works as a subflow too!\n![enter image description here](https://notenoughtech.com/wp-content/uploads/2019/11/YouTube-Thumb.jpg)\n\n**Instructions:**\nYou can read all [set up instructions here](https://notenoughtech.com/home-automation/nodered-home-automation/a-timer-in-nodered/)\n\n---\n\n**Features**:\n\n-   Works OFFLINE\n-   Custom Payload definition  \n-   Recovery of the settings after the reboot  \n-   unlimited timers\n-   Dasboard interface\n-   Support for days of the week \n\n**You will need the following nodes:**\n\n - node-red-contrib-schedex\n - node-red-dashboard  \n\n---\n# Settings\n - **TimerNumber** Timer ID (*int*)\n - **PayloadON** payload to pass on ON (*string*)\n - **PayloadOFF** payload to pass on OFF (*string*)"},{"id":"8aa7a552.e12238","type":"subflow:4fc65913.9606d8","z":"1ad0789f.d63ea7","name":"","x":190,"y":2840,"wires":[["8141242d.fac198"]]},{"id":"8141242d.fac198","type":"debug","z":"1ad0789f.d63ea7","name":"","active":true,"tosidebar":true,"console":false,"tostatus":false,"complete":"false","x":370,"y":2840,"wires":[]}]