[{"id":"3abe8c84.455934","type":"subflow","name":"Timer Settings","info":"","category":"","in":[{"x":500,"y":320,"wires":[{"id":"1a38f6a5.cd4c29"}]}],"out":[{"x":740,"y":320,"wires":[{"id":"1a38f6a5.cd4c29","port":0}]}],"env":[{"name":"TimerNumber","type":"num","value":""},{"name":"PayloadON","type":"str","value":""},{"name":"PayloadOFF","type":"str","value":""}],"color":"#DDAA99"},{"id":"1a38f6a5.cd4c29","type":"function","z":"3abe8c84.455934","name":"","func":"var x = env.get(\"TimerNumber\"); \nvar y = env.get(\"PayloadON\"); \nvar z = env.get(\"PayloadOFF\"); \n\nflow.set(\"$parent.Timer\"+x, x);\nflow.set(\"$parent.Payload\"+x+\"_on\", y);\nflow.set(\"$parent.Timer\"+x+\"_off\", z);\n\n\n\nmsg.payload = \"Your timer \" + x + \" has been set\";\n\nreturn msg;\n","outputs":1,"noerr":0,"x":600,"y":320,"wires":[[]]},{"id":"b29fa04e.ba57d","type":"tab","label":"Flow 1","disabled":false,"info":""},{"id":"2390df5d.1d018","type":"schedex","z":"b29fa04e.ba57d","name":"Timer","suspended":false,"lat":"54.525671","lon":"-1.3113165","ontime":"","ontopic":"","onpayload":"","onoffset":"","onrandomoffset":0,"offtime":"","offtopic":"","offpayload":"","offoffset":"","offrandomoffset":0,"mon":false,"tue":false,"wed":false,"thu":false,"fri":false,"sat":false,"sun":false,"x":1390,"y":680,"wires":[[]]},{"id":"504f0d65.380404","type":"ui_text_input","z":"b29fa04e.ba57d","name":"T2 On","label":"","tooltip":"","group":"8724bcdb.fa28b","order":2,"width":"4","height":"1","passthru":false,"mode":"time","delay":"0","topic":"Ton","x":690,"y":460,"wires":[["37ef6ee.f64cf92"]]},{"id":"7d785a1d.d1eb54","type":"ui_button","z":"b29fa04e.ba57d","name":"Set ON","group":"8724bcdb.fa28b","order":3,"width":"2","height":"1","passthru":false,"label":"{{msg.topic}}","tooltip":"","color":"","bgcolor":"{{msg.color}}","icon":"","payload":"","payloadType":"str","topic":"buttonON","x":1080,"y":400,"wires":[["d07d813d.d4841"]]},{"id":"fe2e6da6.342a4","type":"ui_text_input","z":"b29fa04e.ba57d","name":"T2 Off","label":"","tooltip":"","group":"8724bcdb.fa28b","order":4,"width":"4","height":"1","passthru":false,"mode":"time","delay":"0","topic":"Toff","x":690,"y":500,"wires":[["37ef6ee.f64cf92"]]},{"id":"75d06ded.966714","type":"ui_button","z":"b29fa04e.ba57d","name":"Set OFF","group":"8724bcdb.fa28b","order":5,"width":"2","height":"1","passthru":false,"label":"{{msg.topic}}","tooltip":"","color":"","bgcolor":"{{msg.color}}","icon":"","payload":"","payloadType":"str","topic":"buttonOFF","x":1080,"y":540,"wires":[["d07d813d.d4841"]]},{"id":"606bd5d7.cab51c","type":"ui_text","z":"b29fa04e.ba57d","group":"8724bcdb.fa28b","order":1,"width":"6","height":"1","name":"Timer Status","label":"{{msg.topic}}","format":"<font color= {{msg.color}} > {{msg.payload}} </font>","layout":"row-spread","x":1750,"y":480,"wires":[]},{"id":"15e9fc01.8eb3f4","type":"ui_button","z":"b29fa04e.ba57d","name":"Reset Button","group":"8724bcdb.fa28b","order":6,"width":"6","height":"1","passthru":false,"label":"Reset","tooltip":"","color":"","bgcolor":"","icon":"","payload":"","payloadType":"str","topic":"","x":250,"y":700,"wires":[["ebac5dfa.8b0c5"]]},{"id":"37ef6ee.f64cf92","type":"function","z":"b29fa04e.ba57d","name":"Set T2 On","func":"var z = flow.get(\"Timer2\");\n\n//if timer on is set\nif(msg.topic === \"Ton\"){\n    flow.set(\"timer\"+z+\"_on\", msg.payload);\n    msg.color = \"red\";\n    msg.topic = \"Press\";\n    return [msg, null];\n    \n    \n}\n\n//if timer off is set\nif(msg.topic === \"Toff\"){\n    flow.set(\"timer\"+z+\"_off\", msg.payload);\n    msg.color = \"red\";\n    msg.topic = \"Press\";\n    return [null, msg];\n    \n}\n\n// reboot detected\nif(msg.topic === \"reboot\"){\n    msg.color = \"grey\";\n    msg.topic = \"Select Time\";\n    return [msg, msg];\n    \n}","outputs":2,"noerr":0,"x":860,"y":480,"wires":[["7d785a1d.d1eb54"],["75d06ded.966714"]]},{"id":"ebac5dfa.8b0c5","type":"function","z":"b29fa04e.ba57d","name":"Reset","func":"var z = flow.get(\"Timer2\");\n\nvar timerlabel = \"Timer \"+ z;\nflow.set(\"$parent.timer\"+z+\"_on\", 0);\nflow.set(\"$parent.timer\"+z+\"_off\", 0);\nflow.set(\"$parent.T\"+z+\"on\", null);\nflow.set(\"$parent.T\"+z+\"off\", null);\n\nvar msg1 = {payload: \"Timer \"+z+\" reset\"};\nvar msg2 = {payload: 0};\nvar msg3 = {payload: \"disabled\",\n            topic: timerlabel,\n            color: \"red\"};\nvar msg4 = {color: \"grey\",\n            topic: \"Select Time\",\n};\n\nvar msg5 = {payload:{suspended: true}};\nvar msg6 = {payload: true};\n\nreturn [msg1, msg2, msg3, msg4, msg5, msg6];","outputs":6,"noerr":0,"x":430,"y":700,"wires":[["613732fa.624b4c"],["fe2e6da6.342a4","504f0d65.380404"],["606bd5d7.cab51c"],["7d785a1d.d1eb54","75d06ded.966714"],["2390df5d.1d018"],["c5303c5c.0095f","fd1cb9a7.048238","c24d17f5.00cf28","7899e090.1808a","e32f4ab4.149228","d8ea8886.dff428","90796214.46766"]]},{"id":"c5303c5c.0095f","type":"ui_switch","z":"b29fa04e.ba57d","name":"","label":"Mon","tooltip":"","group":"8724bcdb.fa28b","order":7,"width":"2","height":"1","passthru":true,"decouple":"false","topic":"","style":"","onvalue":"true","onvalueType":"bool","onicon":"","oncolor":"","offvalue":"false","offvalueType":"bool","officon":"","offcolor":"","x":690,"y":740,"wires":[["82f2b972.ebda68"]]},{"id":"fd1cb9a7.048238","type":"ui_switch","z":"b29fa04e.ba57d","name":"","label":"Tue","tooltip":"","group":"8724bcdb.fa28b","order":8,"width":"2","height":"1","passthru":true,"decouple":"false","topic":"tue","style":"","onvalue":"true","onvalueType":"bool","onicon":"","oncolor":"","offvalue":"false","offvalueType":"bool","officon":"","offcolor":"","x":690,"y":780,"wires":[["48df3426.4572bc"]]},{"id":"c24d17f5.00cf28","type":"ui_switch","z":"b29fa04e.ba57d","name":"","label":"Wed","tooltip":"","group":"8724bcdb.fa28b","order":9,"width":"2","height":"1","passthru":true,"decouple":"false","topic":"","style":"","onvalue":"true","onvalueType":"bool","onicon":"","oncolor":"","offvalue":"false","offvalueType":"bool","officon":"","offcolor":"","x":690,"y":820,"wires":[["f2849471.6073a8"]]},{"id":"7899e090.1808a","type":"ui_switch","z":"b29fa04e.ba57d","name":"","label":"Thu","tooltip":"","group":"8724bcdb.fa28b","order":10,"width":"2","height":"1","passthru":true,"decouple":"false","topic":"","style":"","onvalue":"true","onvalueType":"bool","onicon":"","oncolor":"","offvalue":"false","offvalueType":"bool","officon":"","offcolor":"","x":690,"y":860,"wires":[["80272a75.798738"]]},{"id":"e32f4ab4.149228","type":"ui_switch","z":"b29fa04e.ba57d","name":"","label":"Fri","tooltip":"","group":"8724bcdb.fa28b","order":11,"width":"2","height":"1","passthru":true,"decouple":"false","topic":"","style":"","onvalue":"true","onvalueType":"bool","onicon":"","oncolor":"","offvalue":"false","offvalueType":"bool","officon":"","offcolor":"","x":690,"y":900,"wires":[["6a7dd432.5228ac"]]},{"id":"d8ea8886.dff428","type":"ui_switch","z":"b29fa04e.ba57d","name":"","label":"Sat","tooltip":"","group":"8724bcdb.fa28b","order":12,"width":"2","height":"1","passthru":true,"decouple":"false","topic":"","style":"","onvalue":"true","onvalueType":"bool","onicon":"","oncolor":"","offvalue":"false","offvalueType":"bool","officon":"","offcolor":"","x":690,"y":940,"wires":[["79a5a928.849ef8"]]},{"id":"82f2b972.ebda68","type":"function","z":"b29fa04e.ba57d","name":"Mon","func":"var z = flow.get(\"Timer2\");\n\nvar x = msg.payload;\nflow.set(\"Monday\"+z, x);\nmsg.payload = {mon: x};\n\nreturn msg;","outputs":1,"noerr":0,"x":850,"y":740,"wires":[["2390df5d.1d018"]]},{"id":"48df3426.4572bc","type":"function","z":"b29fa04e.ba57d","name":"Tue","func":"var z = flow.get(\"Timer2\");\n\nvar x = msg.payload;\nflow.set(\"Tuesday\"+z, x);\nmsg.payload = {tue: x};\n\nreturn msg;","outputs":1,"noerr":0,"x":850,"y":780,"wires":[["2390df5d.1d018"]]},{"id":"f2849471.6073a8","type":"function","z":"b29fa04e.ba57d","name":"Wed","func":"var z = flow.get(\"Timer2\");\n\nvar x = msg.payload;\nflow.set(\"Wednesday\"+z, x);\nmsg.payload = {wed: x};\n\nreturn msg;","outputs":1,"noerr":0,"x":850,"y":820,"wires":[["2390df5d.1d018"]]},{"id":"80272a75.798738","type":"function","z":"b29fa04e.ba57d","name":"Thu","func":"var z = flow.get(\"Timer2\");\n\nvar x = msg.payload;\nflow.set(\"Thursday\"+z, x);\nmsg.payload = {thu: x};\n\nreturn msg;","outputs":1,"noerr":0,"x":850,"y":860,"wires":[["2390df5d.1d018"]]},{"id":"6a7dd432.5228ac","type":"function","z":"b29fa04e.ba57d","name":"Fri","func":"var z = flow.get(\"Timer2\");\n\n\nvar x = msg.payload;\nflow.set(\"Friday\"+z, x);\nmsg.payload = {fri: x};\n\nreturn msg;","outputs":1,"noerr":0,"x":850,"y":900,"wires":[["2390df5d.1d018"]]},{"id":"79a5a928.849ef8","type":"function","z":"b29fa04e.ba57d","name":"Sat","func":"var z = flow.get(\"Timer2\");\n\n\nvar x = msg.payload;\nflow.set(\"Saturday\"+z, x);\nmsg.payload = {sat: x};\n\nreturn msg;","outputs":1,"noerr":0,"x":850,"y":940,"wires":[["2390df5d.1d018"]]},{"id":"f9ce09d4.332c58","type":"function","z":"b29fa04e.ba57d","name":"Sun","func":"var z = flow.get(\"Timer2\");\n\n\nvar x = msg.payload;\nflow.set(\"Sunday\"+z, x);\nmsg.payload = {sun: x};\n\nreturn msg;","outputs":1,"noerr":0,"x":850,"y":980,"wires":[["2390df5d.1d018"]]},{"id":"d987c0b3.feb8d","type":"inject","z":"b29fa04e.ba57d","name":"","topic":"","payload":"Started!","payloadType":"str","repeat":"","crontab":"","once":false,"onceDelay":0.1,"x":950,"y":620,"wires":[["832ca147.47c3c"]]},{"id":"832ca147.47c3c","type":"function","z":"b29fa04e.ba57d","name":"Apply stored values ","func":"var z = flow.get(\"Timer2\");\nvar pon = flow.get(\"PayloadON\");\nvar poff = flow.get(\"PayloadOFF\");\n\n\n// restore days\nvar mon = flow.get(\"Monday\"+z);\nvar tue = flow.get(\"Tuesday\"+z);\nvar wed = flow.get(\"Wednesday\"+z);\nvar thu = flow.get(\"Thursday\"+z);\nvar fri = flow.get(\"Friday\"+z);\nvar sat = flow.get(\"Saturday\"+z);\nvar sun = flow.get(\"Sunday\"+z);\n\n//restore timers\nvar timeON = flow.get(\"T\"+z+\"on\");\nvar timeOFF = flow.get(\"T\"+z+\"off\");\nvar timerlabel = \"Timer \"+ z;\n\n\n\nvar msg1 = {payload: {ontime: \"ontime \" + timeON}, onpayload: pon,};\nvar msg2 = {payload: {offtime: \"offtime \" + timeOFF}, offpayload: poff,};\nvar msg3 = {topic: timerlabel};\nvar msg4 = {payload : { \"mon\": mon,\n                \"tue\": tue,\n                \"wed\": wed,\n                \"thu\": thu,\n                \"fri\": fri,\n                \"sat\": sat,\n                \"sun\": sun,}\n};\n                     \n    \nreturn [msg1, msg2, msg3];","outputs":4,"noerr":0,"x":1170,"y":620,"wires":[["2390df5d.1d018"],["2390df5d.1d018"],["606bd5d7.cab51c"],["2390df5d.1d018"]]},{"id":"3d1e20d0.2dba7","type":"comment","z":"b29fa04e.ba57d","name":"Reboot Fix","info":"","x":940,"y":580,"wires":[]},{"id":"324ee919.c62016","type":"inject","z":"b29fa04e.ba57d","name":"","topic":"reboot","payload":"Started!","payloadType":"str","repeat":"","crontab":"","once":false,"onceDelay":0.1,"x":680,"y":400,"wires":[["37ef6ee.f64cf92"]]},{"id":"2f981442.621c4c","type":"comment","z":"b29fa04e.ba57d","name":"Set Button","info":"","x":660,"y":360,"wires":[]},{"id":"613732fa.624b4c","type":"ui_toast","z":"b29fa04e.ba57d","position":"top right","displayTime":"3","highlight":"","sendall":true,"outputs":0,"ok":"OK","cancel":"","topic":"Timer 1","name":"","x":390,"y":580,"wires":[]},{"id":"d07d813d.d4841","type":"function","z":"b29fa04e.ba57d","name":"On button press","func":"var z = flow.get(\"Timer2\");\nvar pon = flow.get(\"PayloadON\");\nvar poff = flow.get(\"PayloadOFF\");\n\nfunction calcTime(hh){\n    var hours = (\"0\"+Math.floor((hh%86400)/3600)).slice(-2);\n    var minutes = (\"0\"+Math.floor((hh%3600)/60)).slice(-2);\n    return hours + \":\" + minutes;\n}\n\nvar time = null;\nvar timerlabel = \"Timer \"+ z;\n\n\n// when button on is pressed\nif(msg.topic === \"buttonON\"){\n    var t1  = flow.get(\"timer\"+z+\"_on\")/1000;\n    time = calcTime(t1);\n    flow.set(\"T\"+z+\"on\", time);\n    //send to text element\n    var msg1 = {payload: \"SET\", topic: timerlabel, color: \"green\"};\n    //send to schedex\n    var msg2 = {payload: {ontime: \"ontime \" + time,\n                          onpayload: pon,\n                          suspended: false},\n                topic: \"SET\",\n                color:   \"green\"};\n    return [msg1,msg2,null,null];\n}\n// when button off is pressed\nif(msg.topic === \"buttonOFF\"){\n    var t2 = flow.get(\"timer\"+z+\"_off\")/1000;\n    time = calcTime(t2);\n    flow.set(\"T\"+z+\"off\", time);\n    //send to text element\n    var msg3 = {payload: \"SET\", topic: timerlabel, color: \"green\"};\n    //send to schedex\n    var msg4 = {payload: {offtime: \"offtime \" + time,\n                          offpayload: poff,\n                          suspended: false},\n                topic: \"SET\",\n                color:   \"green\"};\n    return [null,null,msg3,msg4];\n    \n}\n\nreturn msg;","outputs":4,"noerr":0,"x":1280,"y":480,"wires":[["606bd5d7.cab51c"],["2390df5d.1d018","7d785a1d.d1eb54"],["606bd5d7.cab51c"],["2390df5d.1d018","75d06ded.966714"]]},{"id":"6c984fbc.38b18","type":"inject","z":"b29fa04e.ba57d","name":"","topic":"","payload":"","payloadType":"date","repeat":"","crontab":"","once":false,"onceDelay":0.1,"x":300,"y":280,"wires":[["46b69fea.cde85"]]},{"id":"df24c6c7.a38788","type":"debug","z":"b29fa04e.ba57d","name":"","active":true,"tosidebar":true,"console":false,"tostatus":false,"complete":"false","x":870,"y":280,"wires":[]},{"id":"46b69fea.cde85","type":"subflow:3abe8c84.455934","z":"b29fa04e.ba57d","name":"Timer 2","env":[{"name":"TimerNumber","value":"2","type":"num"},{"name":"PayloadON","value":"1","type":"str"},{"name":"PayloadOFF","value":"0","type":"str"}],"x":570,"y":280,"wires":[["df24c6c7.a38788"]],"icon":"node-red/cog.svg"},{"id":"90796214.46766","type":"ui_switch","z":"b29fa04e.ba57d","name":"","label":"Sun","tooltip":"","group":"8724bcdb.fa28b","order":13,"width":"2","height":"1","passthru":true,"decouple":"false","topic":"","style":"","onvalue":"true","onvalueType":"bool","onicon":"","oncolor":"","offvalue":"false","offvalueType":"bool","officon":"","offcolor":"","x":690,"y":980,"wires":[["f9ce09d4.332c58"]]},{"id":"8724bcdb.fa28b","type":"ui_group","z":"","name":"Morning","tab":"11e93e96.a36611","order":1,"disp":true,"width":"6","collapse":false},{"id":"11e93e96.a36611","type":"ui_tab","z":"","name":"Entry Light","icon":"dashboard","order":9,"disabled":false,"hidden":false}]